CHOPER,CHFLTN,CHOPERD,CHSTOL,CHPTOL,CHAORD,CHLOC1,CHLOC1D,CHLOC1TH,CHLOC1T,CHLOC1CH,CHLOCCT,CHTERM,CHCINT,CHCKZN,CHRMINE,CHRMINH
LY,5132,EL AL ISRAEL AIRLINES,2025-06-18T10:15:00,2025-06-18T10:15:00,A,LCA,LARNACA,לרנקה,LARNACA,קפריסין,CYPRUS,3,,,CANCELED,מבוטלת
LY,5442,EL AL ISRAEL AIRLINES,2025-06-18T08:00:00,2025-06-18T10:26:00,A,LCA,LARNACA,לרנקה,LARNACA,קפריסין,CYPRUS,3,,,LANDED,נחתה
DIR,2032,FLYYO,2025-06-18T10:30:00,2025-06-18T10:30:00,A,HER,HERAKLION,הרקליון,HERAKLION,יוון,GREECE,3,,,CANCELED,מבוטלת
BZ,752,BLUE BIRD AIRWAYS,2025-06-18T10:40:00,2025-06-18T10:40:00,D,HER,HERAKLION,הרקליון,HERAKLION,יוון,GREECE,3,,,CANCELED,מבוטלת
6H,582,ISRAIR AIRLINES,2025-06-18T10:50:00,2025-06-18T10:50:00,A,LCA,LARNACA,לרנקה,LARNACA,קפריסין,CYPRUS,3,,,CANCELED,מבוטלת
EY,593,ETIHAD AIRWAYS,2025-06-18T11:00:00,2025-06-18T11:00:00,A,AUH,ABU DHABI,אבו דאבי,ABU DHABI,איחוד האמירויות הערב,UNITED ARAB EMIRATES,3,,,CANCELED,מבוטלת
IZ,1162,ARKIA  ISRAELI  AIRLINES,2025-06-18T11:00:00,2025-06-18T11:00:00,A,LCA,LARNACA,לרנקה,LARNACA,קפריסין,CYPRUS,3,,,CANCELED,מבוטלת
LY,9600,EL AL ISRAEL AIRLINES,2025-06-18T11:00:00,2025-06-18T11:00:00,A,AUH,ABU DHABI,אבו דאבי,ABU DHABI,איחוד האמירויות הערב,UNITED ARAB EMIRATES,3,,,CANCELED,מבוטלת
UA,085,UNITED AIRLINES,2025-06-18T11:00:00,2025-06-18T11:00:00,D,EWR,NEW YORK - NEWARK,ניוארק,NEWARK,ארצות הברית,UNITED STATES,3,,,CANCELED,מבוטלת
WZ,012,RED WINGS AIRLINES,2025-06-18T11:00:00,2025-06-18T11:00:00,D,AER,SOCHI,סוצ'י,SOCHI,רוסיה,RUSSIAN FEDERATION,3,,,CANCELED,מבוטלת
6H,335,ISRAIR AIRLINES,2025-06-18T11:00:00,2025-06-18T11:00:00,D,CTA,CATANIA  FONTANAROSSA,קטאניה,CATANIA,איטליה,ITALY,1,,,CANCELED,מבוטלת
6H,946,ISRAIR AIRLINES,2025-06-18T09:00:00,2025-06-18T11:11:00,A,ATH,ATHENS,אתונה,ATHENS,יוון,GREECE,3,,,LANDED,נחתה
6H,175,ISRAIR AIRLINES,2025-06-18T11:20:00,2025-06-18T11:20:00,D,TIV,TIVAT,טיבאת,TIVAT,מונטנגרו,MONTENEGRO,3,,,CANCELED,מבוטלת
6H,044,ISRAIR AIRLINES,2025-06-18T11:35:00,2025-06-18T11:35:00,A,ETM,RAMON,אילת - רמון,RAMON,ישראל,ISRAEL,1,,,CANCELED,מבוטלת
IZ,094,ARKIA  ISRAELI  AIRLINES,2025-06-18T11:40:00,2025-06-18T11:40:00,A,HER,HERAKLION,הרקליון,HERAKLION,יוון,GREECE,3,,,CANCELED,מבוטלת
LY,444,EL AL ISRAEL AIRLINES,2025-06-18T10:00:00,2025-06-18T11:54:00,A,ATH,ATHENS,אתונה,ATHENS,יוון,GREECE,3,,,LANDED,נחתה
J2,021,AZERBAIJAN AIRLINES,2025-06-18T11:55:00,2025-06-18T11:55:00,A,GYD,BAKU HEYDAR ALIYEV INT`L,באקו,BAKU,אזרביג'אן,AZERBAIJAN,3,,,CANCELED,מבוטלת
LY,9950,EL AL ISRAEL AIRLINES,2025-06-18T11:55:00,2025-06-18T11:55:00,A,GYD,BAKU HEYDAR ALIYEV INT`L,באקו,BAKU,אזרביג'אן,AZERBAIJAN,3,,,CANCELED,מבוטלת
6H,995,ISRAIR AIRLINES,2025-06-18T09:20:00,2025-06-18T12:04:00,D,LCA,LARNACA,לרנקה,LARNACA,קפריסין,CYPRUS,3,,,DEPARTED,המריאה
IZ,074,ARKIA  ISRAELI  AIRLINES,2025-06-18T12:15:00,2025-06-18T12:15:00,A,RHO,RHODES-PARADISI,רודוס,RHODES,יוון,GREECE,3,,,CANCELED,מבוטלת
IZ,416,ARKIA  ISRAELI  AIRLINES,2025-06-18T12:15:00,2025-06-18T12:15:00,A,BUS,BATUMI,בטומי,BATUMI,גיאורגיה,GEORGIA,3,,,CANCELED,מבוטלת
IZ,741,ARKIA  ISRAELI  AIRLINES,2025-06-18T12:15:00,2025-06-18T12:15:00,D,CDG,PARIS-CHARLES DE GAULLE,פריס,PARIS,צרפת,FRANCE,3,,,CANCELED,מבוטלת
A4,5025,AZIMUTH AIRLINES,2025-06-18T12:20:00,2025-06-18T12:20:00,A,AER,SOCHI,סוצ'י,SOCHI,רוסיה,RUSSIAN FEDERATION,3,,,CANCELED,מבוטלת
H4,235,HISKY EUROPE SRL,2025-06-18T12:25:00,2025-06-18T12:25:00,A,OTP,BUCHAREST - OTOPENI,בוקרשט,BUCHAREST,רומניה,ROMANIA,3,,,CANCELED,מבוטלת
BZ,691,BLUE BIRD AIRWAYS,2025-06-18T12:30:00,2025-06-18T12:30:00,A,RHO,RHODES-PARADISI,רודוס,RHODES,יוון,GREECE,3,,,CANCELED,מבוטלת
DIR,2033,FLYYO,2025-06-18T12:30:00,2025-06-18T12:30:00,D,BOJ,BURGAS,בורגס,BOURGAS,בולגריה,BULGARIA,3,,,CANCELED,מבוטלת
IZ,142,ARKIA  ISRAELI  AIRLINES,2025-06-18T11:00:00,2025-06-18T12:33:00,A,AOK,KARPATHOS,קרפתוס,KARPATHOS,יוון,GREECE,3,,,LANDED,נחתה
6H,115,ISRAIR AIRLINES,2025-06-18T12:35:00,2025-06-18T12:35:00,D,LTN,LUTON,לונדון לוטון,LONDON LUTON,בריטניה,UNITED KINGDOM,1,,,CANCELED,מבוטלת
6H,882,ISRAIR AIRLINES,2025-06-18T12:40:00,2025-06-18T12:40:00,A,GYD,BAKU HEYDAR ALIYEV INT`L,באקו,BAKU,אזרביג'אן,AZERBAIJAN,3,,,CANCELED,מבוטלת
IZ,296,ARKIA  ISRAELI  AIRLINES,2025-06-18T12:45:00,2025-06-18T12:45:00,A,OTP,BUCHAREST - OTOPENI,בוקרשט,BUCHAREST,רומניה,ROMANIA,3,,,CANCELED,מבוטלת
6H,576,ISRAIR AIRLINES,2025-06-18T12:45:00,2025-06-18T12:45:00,A,SKG,THESSALONIKI,סלוניקי,THESSALONIKI,יוון,GREECE,3,,,CANCELED,מבוטלת
IZ,212,ARKIA  ISRAELI  AIRLINES,2025-06-18T12:55:00,2025-06-18T12:55:00,A,ATH,ATHENS,אתונה,ATHENS,יוון,GREECE,3,,,CANCELED,מבוטלת
BZ,703,BLUE BIRD AIRWAYS,2025-06-18T13:00:00,2025-06-18T13:00:00,A,ATH,ATHENS,אתונה,ATHENS,יוון,GREECE,3,,,CANCELED,מבוטלת
LY,5437,EL AL ISRAEL AIRLINES,2025-06-18T10:30:00,2025-06-18T13:05:00,D,LCA,LARNACA,לרנקה,LARNACA,קפריסין,CYPRUS,3,,,DEPARTED,המריאה
6H,911,ISRAIR AIRLINES,2025-06-18T13:05:00,2025-06-18T13:05:00,D,ZNZ,ZANZIBAR,זנזיבר,ZANZIBAR,טנזניה,TANZANIA,3,,,CANCELED,מבוטלת
J2,022,AZERBAIJAN AIRLINES,2025-06-18T13:10:00,2025-06-18T13:10:00,D,GYD,BAKU HEYDAR ALIYEV INT`L,באקו,BAKU,אזרביג'אן,AZERBAIJAN,3,,,CANCELED,מבוטלת
LY,9951,EL AL ISRAEL AIRLINES,2025-06-18T13:10:00,2025-06-18T13:10:00,D,GYD,BAKU HEYDAR ALIYEV INT`L,באקו,BAKU,אזרביג'אן,AZERBAIJAN,3,,,CANCELED,מבוטלת
TO,3450,TRANSAVIA FRANCE,2025-06-18T13:10:00,2025-06-18T13:10:00,A,ORY,PARIS-ORLY,פריס,PARIS,צרפת,FRANCE,3,,,CANCELED,מבוטלת
IZ,101,ARKIA  ISRAELI  AIRLINES,2025-06-18T11:30:00,2025-06-18T13:15:00,D,LCA,LARNACA,לרנקה,LARNACA,קפריסין,CYPRUS,3,,,DEPARTED,המריאה
NO,9053,NEOS,2025-06-18T13:15:00,2025-06-18T13:15:00,A,BOJ,BURGAS,בורגס,BOURGAS,בולגריה,BULGARIA,3,,,CANCELED,מבוטלת
BZ,702,BLUE BIRD AIRWAYS,2025-06-18T13:25:00,2025-06-18T13:25:00,D,ATH,ATHENS,אתונה,ATHENS,יוון,GREECE,3,,,CANCELED,מבוטלת
LY,484,EL AL ISRAEL AIRLINES,2025-06-18T12:00:00,2025-06-18T13:25:00,A,FCO,ROME - FIUMICINO,רומא,ROME,איטליה,ITALY,3,,,LANDED,נחתה
H4,236,HISKY EUROPE SRL,2025-06-18T13:30:00,2025-06-18T13:30:00,D,OTP,BUCHAREST - OTOPENI,בוקרשט,BUCHAREST,רומניה,ROMANIA,3,,,CANCELED,מבוטלת
6H,590,ISRAIR AIRLINES,2025-06-18T13:35:00,2025-06-18T13:35:00,A,LCA,LARNACA,לרנקה,LARNACA,קפריסין,CYPRUS,3,,,CANCELED,מבוטלת
A4,5026,AZIMUTH AIRLINES,2025-06-18T13:40:00,2025-06-18T13:40:00,D,AER,SOCHI,סוצ'י,SOCHI,רוסיה,RUSSIAN FEDERATION,3,,,CANCELED,מבוטלת
J2,4021,AZERBAIJAN AIRLINES,2025-06-18T13:40:00,2025-06-18T13:40:00,A,GYD,BAKU HEYDAR ALIYEV INT`L,באקו,BAKU,אזרביג'אן,AZERBAIJAN,3,,,CANCELED,מבוטלת
IZ,367,ARKIA  ISRAELI  AIRLINES,2025-06-18T13:50:00,2025-06-18T13:50:00,D,TIV,TIVAT,טיבאת,TIVAT,מונטנגרו,MONTENEGRO,3,,,CANCELED,מבוטלת
6H,357,ISRAIR AIRLINES,2025-06-18T13:50:00,2025-06-18T13:50:00,D,VRN,VILLAFRANCA-VERONA,ורונה,VERONA,איטליה,ITALY,1,,,CANCELED,מבוטלת
BZ,462,BLUE BIRD AIRWAYS,2025-06-18T14:00:00,2025-06-18T14:00:00,D,PRG,PRAGUE-RUZYNE,פראג,PRAGUE,צ'כיה,CZECH REPUBLIC,3,,,CANCELED,מבוטלת
CY,110,CYPRUS AIRWAYS,2025-06-18T14:05:00,2025-06-18T14:05:00,A,LCA,LARNACA,לרנקה,LARNACA,קפריסין,CYPRUS,3,,,CANCELED,מבוטלת
HH,543,QANOT SHARQ,2025-06-18T14:05:00,2025-06-18T14:05:00,A,SKD,SAMARKAND,סמרקנד,SAMARKAND,אוזבקיסטן,UZBEKISTAN,3,,,CANCELED,מבוטלת
TO,3451,TRANSAVIA FRANCE,2025-06-18T14:10:00,2025-06-18T14:10:00,D,ORY,PARIS-ORLY,פריס,PARIS,צרפת,FRANCE,1,,,CANCELED,מבוטלת
IZ,223,ARKIA  ISRAELI  AIRLINES,2025-06-18T14:15:00,2025-06-18T14:15:00,D,SKG,THESSALONIKI,סלוניקי,THESSALONIKI,יוון,GREECE,3,,,CANCELED,מבוטלת
IZ,523,ARKIA  ISRAELI  AIRLINES,2025-06-18T14:20:00,2025-06-18T14:20:00,D,GVA,GENEVA,ז'נבה,GENEVA,שוויץ,SWITZERLAND,3,,,CANCELED,מבוטלת
LIL,9114,FLY LILI,2025-06-18T14:20:00,2025-06-18T14:20:00,A,ZAG,ZAGREB,זאגרב,ZAGREB,קרואטיה,CROATIA,3,,,CANCELED,מבוטלת
6H,716,ISRAIR AIRLINES,2025-06-18T13:00:00,2025-06-18T14:22:00,A,VAR,VARNA,וארנה,VARNA,בולגריה,BULGARIA,3,,,LANDED,נחתה
6H,535,ISRAIR AIRLINES,2025-06-18T14:25:00,2025-06-18T14:25:00,D,CFU,CORFU,קורפו,CORFU,יוון,GREECE,3,,,CANCELED,מבוטלת
6H,041,ISRAIR AIRLINES,2025-06-18T14:40:00,2025-06-18T14:40:00,D,ETM,RAMON,אילת - רמון,RAMON,ישראל,ISRAEL,1,,,CANCELED,מבוטלת
AF,966,AIR FRANCE,2025-06-18T14:45:00,2025-06-18T14:45:00,A,CDG,PARIS-CHARLES DE GAULLE,פריס,PARIS,צרפת,FRANCE,3,,,CANCELED,מבוטלת
DL,8457,DELTA AIRLINES,2025-06-18T14:45:00,2025-06-18T14:45:00,A,CDG,PARIS-CHARLES DE GAULLE,פריס,PARIS,צרפת,FRANCE,3,,,CANCELED,מבוטלת
LY,9842,EL AL ISRAEL AIRLINES,2025-06-18T14:45:00,2025-06-18T14:45:00,A,CDG,PARIS-CHARLES DE GAULLE,פריס,PARIS,צרפת,FRANCE,3,,,CANCELED,מבוטלת
EY,594,ETIHAD AIRWAYS,2025-06-18T14:50:00,2025-06-18T14:50:00,D,AUH,ABU DHABI,אבו דאבי,ABU DHABI,איחוד האמירויות הערב,UNITED ARAB EMIRATES,3,,,CANCELED,מבוטלת
LY,9601,EL AL ISRAEL AIRLINES,2025-06-18T14:50:00,2025-06-18T14:50:00,D,AUH,ABU DHABI,אבו דאבי,ABU DHABI,איחוד האמירויות הערב,UNITED ARAB EMIRATES,3,,,CANCELED,מבוטלת
BZ,751,BLUE BIRD AIRWAYS,2025-06-18T15:00:00,2025-06-18T15:00:00,A,HER,HERAKLION,הרקליון,HERAKLION,יוון,GREECE,3,,,CANCELED,מבוטלת
6H,174,ISRAIR AIRLINES,2025-06-18T15:05:00,2025-06-18T15:05:00,A,TIV,TIVAT,טיבאת,TIVAT,מונטנגרו,MONTENEGRO,3,,,CANCELED,מבוטלת
LY,482,EL AL ISRAEL AIRLINES,2025-06-18T14:00:00,2025-06-18T15:15:00,A,MXP,MILAN-MALPENSA,מילאנו,MILAN,איטליה,ITALY,3,,,LANDED,נחתה
CY,111,CYPRUS AIRWAYS,2025-06-18T15:25:00,2025-06-18T15:25:00,D,LCA,LARNACA,לרנקה,LARNACA,קפריסין,CYPRUS,3,,,CANCELED,מבוטלת
LIL,9109,FLY LILI,2025-06-18T15:45:00,2025-06-18T15:45:00,D,VIE,VIENNA,וינה,VIENNA,אוסטריה,AUSTRIA,3,,,CANCELED,מבוטלת
BZ,706,BLUE BIRD AIRWAYS,2025-06-18T15:55:00,2025-06-18T15:55:00,D,ATH,ATHENS,אתונה,ATHENS,יוון,GREECE,3,,,CANCELED,מבוטלת
HH,546,QANOT SHARQ,2025-06-18T15:55:00,2025-06-18T15:55:00,D,TAS,TASHKENT,טשקנט,TASHKENT,אוזבקיסטן,UZBEKISTAN,3,,,CANCELED,מבוטלת
IZ,4106,ARKIA  ISRAELI  AIRLINES,2025-06-18T15:00:00,2025-06-18T16:01:00,A,TIV,TIVAT,טיבאת,TIVAT,מונטנגרו,MONTENEGRO,3,,,LANDED,נחתה
6H,727,ISRAIR AIRLINES,2025-06-18T16:05:00,2025-06-18T16:05:00,D,BUD,BUDAPEST,בודפשט,BUDAPEST,הונגריה,HUNGARY,3,,,CANCELED,מבוטלת
6H,345,ISRAIR AIRLINES,2025-06-18T16:15:00,2025-06-18T16:15:00,D,NAP,NAPLES-CAPODICHINO,נאפולי,NAPLES,איטליה,ITALY,3,,,CANCELED,מבוטלת
LY,443,EL AL ISRAEL AIRLINES,2025-06-18T14:30:00,2025-06-18T16:17:00,D,ATH,ATHENS,אתונה,ATHENS,יוון,GREECE,3,,,DEPARTED,המריאה
6H,515,ISRAIR AIRLINES,2025-06-18T16:20:00,2025-06-18T16:20:00,D,RHO,RHODES-PARADISI,רודוס,RHODES,יוון,GREECE,1,,,CANCELED,מבוטלת
AF,963,AIR FRANCE,2025-06-18T16:30:00,2025-06-18T16:30:00,D,CDG,PARIS-CHARLES DE GAULLE,פריס,PARIS,צרפת,FRANCE,3,,,CANCELED,מבוטלת
LY,9843,EL AL ISRAEL AIRLINES,2025-06-18T16:30:00,2025-06-18T16:30:00,D,CDG,PARIS-CHARLES DE GAULLE,פריס,PARIS,צרפת,FRANCE,3,,,CANCELED,מבוטלת
LY,422,EL AL ISRAEL AIRLINES,2025-06-18T16:00:00,2025-06-18T16:41:00,A,CDG,PARIS-CHARLES DE GAULLE,פריס,PARIS,צרפת,FRANCE,3,,,LANDED,נחתה
EY,597,ETIHAD AIRWAYS,2025-06-18T16:45:00,2025-06-18T16:45:00,A,AUH,ABU DHABI,אבו דאבי,ABU DHABI,איחוד האמירויות הערב,UNITED ARAB EMIRATES,3,,,CANCELED,מבוטלת
LY,9605,EL AL ISRAEL AIRLINES,2025-06-18T16:45:00,2025-06-18T16:45:00,A,AUH,ABU DHABI,אבו דאבי,ABU DHABI,איחוד האמירויות הערב,UNITED ARAB EMIRATES,3,,,CANCELED,מבוטלת
TO,3458,TRANSAVIA FRANCE,2025-06-18T17:25:00,2025-06-18T17:25:00,A,ORY,PARIS-ORLY,פריס,PARIS,צרפת,FRANCE,3,,,CANCELED,מבוטלת
6H,042,ISRAIR AIRLINES,2025-06-18T17:25:00,2025-06-18T17:25:00,A,ETM,RAMON,אילת - רמון,RAMON,ישראל,ISRAEL,1,,,CANCELED,מבוטלת
BZ,131,BLUE BIRD AIRWAYS,2025-06-18T17:40:00,2025-06-18T17:40:00,A,FCO,ROME - FIUMICINO,רומא,ROME,איטליה,ITALY,3,,,CANCELED,מבוטלת
LY,5439,EL AL ISRAEL AIRLINES,2025-06-18T16:30:00,2025-06-18T17:44:00,D,LCA,LARNACA,לרנקה,LARNACA,קפריסין,CYPRUS,3,,,DEPARTED,המריאה
6H,990,ISRAIR AIRLINES,2025-06-18T17:00:00,2025-06-18T18:04:00,A,LCA,LARNACA,לרנקה,LARNACA,קפריסין,CYPRUS,3,,,LANDED,נחתה
TO,3459,TRANSAVIA FRANCE,2025-06-18T18:25:00,2025-06-18T18:25:00,D,ORY,PARIS-ORLY,פריס,PARIS,צרפת,FRANCE,1,,,CANCELED,מבוטלת
BZ,701,BLUE BIRD AIRWAYS,2025-06-18T18:30:00,2025-06-18T18:30:00,A,ATH,ATHENS,אתונה,ATHENS,יוון,GREECE,3,,,CANCELED,מבוטלת
6H,785,ISRAIR AIRLINES,2025-06-18T17:20:00,2025-06-18T18:49:00,D,BUD,BUDAPEST,בודפשט,BUDAPEST,הונגריה,HUNGARY,3,,,DEPARTED,המריאה
BZ,271,BLUE BIRD AIRWAYS,2025-06-18T19:00:00,2025-06-18T19:00:00,A,BER,BERLIN BRANDENBURG INTL,ברלין,BERLIN,גרמניה,GERMANY,3,,,CANCELED,מבוטלת
BZ,251,BLUE BIRD AIRWAYS,2025-06-18T19:25:00,2025-06-18T19:25:00,A,BCN,BARCELONA,ברצלונה,BARCELONA,ספרד,SPAIN,3,,,CANCELED,מבוטלת
EY,598,ETIHAD AIRWAYS,2025-06-18T20:05:00,2025-06-18T20:05:00,D,AUH,ABU DHABI,אבו דאבי,ABU DHABI,איחוד האמירויות הערב,UNITED ARAB EMIRATES,3,,,CANCELED,מבוטלת
LY,9607,EL AL ISRAEL AIRLINES,2025-06-18T20:05:00,2025-06-18T20:05:00,D,AUH,ABU DHABI,אבו דאבי,ABU DHABI,איחוד האמירויות הערב,UNITED ARAB EMIRATES,3,,,CANCELED,מבוטלת
IZ,224,ARKIA  ISRAELI  AIRLINES,2025-06-18T20:30:00,2025-06-18T20:30:00,A,SKG,THESSALONIKI,סלוניקי,THESSALONIKI,יוון,GREECE,3,,,CANCELED,מבוטלת
IZ,368,ARKIA  ISRAELI  AIRLINES,2025-06-18T20:50:00,2025-06-18T20:50:00,A,TIV,TIVAT,טיבאת,TIVAT,מונטנגרו,MONTENEGRO,3,,,CANCELED,מבוטלת
BZ,705,BLUE BIRD AIRWAYS,2025-06-18T21:05:00,2025-06-18T21:05:00,A,ATH,ATHENS,אתונה,ATHENS,יוון,GREECE,3,,,CANCELED,מבוטלת
IZ,170,ARKIA  ISRAELI  AIRLINES,2025-06-18T21:45:00,2025-06-18T21:45:00,A,LCA,LARNACA,לרנקה,LARNACA,קפריסין,CYPRUS,3,,,CANCELED,מבוטלת
H7,457,HISKY,2025-06-18T22:40:00,2025-06-18T22:40:00,A,RMO,CHISINAU,קישינב,CHISINAU,מולדוביה,MOLDOVA,3,,,CANCELED,מבוטלת
IZ,292,ARKIA  ISRAELI  AIRLINES,2025-06-18T22:40:00,2025-06-18T22:40:00,A,BUD,BUDAPEST,בודפשט,BUDAPEST,הונגריה,HUNGARY,3,,,CANCELED,מבוטלת
BZ,461,BLUE BIRD AIRWAYS,2025-06-18T22:45:00,2025-06-18T22:45:00,A,PRG,PRAGUE-RUZYNE,פראג,PRAGUE,צ'כיה,CZECH REPUBLIC,3,,,CANCELED,מבוטלת
IZ,742,ARKIA  ISRAELI  AIRLINES,2025-06-18T23:15:00,2025-06-18T23:15:00,A,CDG,PARIS-CHARLES DE GAULLE,פריס,PARIS,צרפת,FRANCE,3,,,CANCELED,מבוטלת
H7,458,HISKY,2025-06-18T23:40:00,2025-06-18T23:40:00,D,RMO,CHISINAU,קישינב,CHISINAU,מולדוביה,MOLDOVA,3,,,CANCELED,מבוטלת
IZ,524,ARKIA  ISRAELI  AIRLINES,2025-06-19T00:00:00,2025-06-19T00:00:00,A,GVA,GENEVA,ז'נבה,GENEVA,שוויץ,SWITZERLAND,3,,,CANCELED,מבוטלת
LIL,9110,FLY LILI,2025-06-19T00:05:00,2025-06-19T00:05:00,A,VIE,VIENNA,וינה,VIENNA,אוסטריה,AUSTRIA,3,,,CANCELED,מבוטלת
IZ,214,ARKIA  ISRAELI  AIRLINES,2025-06-19T02:00:00,2025-06-19T02:00:00,A,ATH,ATHENS,אתונה,ATHENS,יוון,GREECE,3,,,CANCELED,מבוטלת
IZ,165,ARKIA  ISRAELI  AIRLINES,2025-06-19T05:55:00,2025-06-19T05:55:00,D,LCA,LARNACA,לרנקה,LARNACA,קפריסין,CYPRUS,3,,,CANCELED,מבוטלת
IZ,211,ARKIA  ISRAELI  AIRLINES,2025-06-19T06:20:00,2025-06-19T06:20:00,D,ATH,ATHENS,אתונה,ATHENS,יוון,GREECE,1,,,CANCELED,מבוטלת
LIL,9103,FLY LILI,2025-06-19T06:30:00,2025-06-19T06:30:00,D,PRG,PRAGUE-RUZYNE,פראג,PRAGUE,צ'כיה,CZECH REPUBLIC,3,,,CANCELED,מבוטלת
6H,041,ISRAIR AIRLINES,2025-06-19T06:30:00,2025-06-19T06:30:00,D,ETM,RAMON,אילת - רמון,RAMON,ישראל,ISRAEL,1,,,CANCELED,מבוטלת
IZ,413,ARKIA  ISRAELI  AIRLINES,2025-06-19T07:00:00,2025-06-19T07:00:00,D,BUS,BATUMI,בטומי,BATUMI,גיאורגיה,GEORGIA,1,,,CANCELED,מבוטלת
IZ,091,ARKIA  ISRAELI  AIRLINES,2025-06-19T07:30:00,2025-06-19T07:30:00,D,HER,HERAKLION,הרקליון,HERAKLION,יוון,GREECE,1,,,CANCELED,מבוטלת
BZ,704,BLUE BIRD AIRWAYS,2025-06-19T07:50:00,2025-06-19T07:50:00,D,ATH,ATHENS,אתונה,ATHENS,יוון,GREECE,3,,,CANCELED,מבוטלת
LY,5418,EL AL ISRAEL AIRLINES,2025-06-19T08:00:00,2025-06-19T08:00:00,A,PFO,PAPHOS,פאפוס,PAPHOS,קפריסין,CYPRUS,3,,,CANCELED,מבוטלת
LY,5438,EL AL ISRAEL AIRLINES,2025-06-19T06:00:00,2025-06-19T08:03:00,A,LCA,LARNACA,לרנקה,LARNACA,קפריסין,CYPRUS,3,,,LANDED,נחתה
IZ,121,ARKIA  ISRAELI  AIRLINES,2025-06-19T08:05:00,2025-06-19T08:05:00,D,JMK,MIKONOS,מיקונוס,MYKONOS,יוון,GREECE,3,,,CANCELED,מבוטלת
BZ,562,BLUE BIRD AIRWAYS,2025-06-19T08:10:00,2025-06-19T08:10:00,D,BOJ,BURGAS,בורגס,BOURGAS,בולגריה,BULGARIA,3,,,CANCELED,מבוטלת
BZ,752,BLUE BIRD AIRWAYS,2025-06-19T08:20:00,2025-06-19T08:20:00,D,HER,HERAKLION,הרקליון,HERAKLION,יוון,GREECE,3,,,CANCELED,מבוטלת
LY,440,EL AL ISRAEL AIRLINES,2025-06-19T08:00:00,2025-06-19T08:25:00,A,ATH,ATHENS,אתונה,ATHENS,יוון,GREECE,3,,,LANDED,נחתה
BZ,802,BLUE BIRD AIRWAYS,2025-06-19T08:35:00,2025-06-19T08:35:00,D,KGS,KOS,קוס,KOS,יוון,GREECE,3,,,CANCELED,מבוטלת
BZ,756,BLUE BIRD AIRWAYS,2025-06-19T08:40:00,2025-06-19T08:40:00,D,HER,HERAKLION,הרקליון,HERAKLION,יוון,GREECE,3,,,CANCELED,מבוטלת
BZ,888,BLUE BIRD AIRWAYS,2025-06-19T08:55:00,2025-06-19T08:55:00,D,JMK,MIKONOS,מיקונוס,MYKONOS,יוון,GREECE,3,,,CANCELED,מבוטלת
BZ,692,BLUE BIRD AIRWAYS,2025-06-19T09:00:00,2025-06-19T09:00:00,D,RHO,RHODES-PARADISI,רודוס,RHODES,יוון,GREECE,3,,,CANCELED,מבוטלת
IZ,053,ARKIA  ISRAELI  AIRLINES,2025-06-19T09:00:00,2025-06-19T09:00:00,D,CFU,CORFU,קורפו,CORFU,יוון,GREECE,3,,,CANCELED,מבוטלת
IZ,166,ARKIA  ISRAELI  AIRLINES,2025-06-19T09:00:00,2025-06-19T09:00:00,A,LCA,LARNACA,לרנקה,LARNACA,קפריסין,CYPRUS,3,,,CANCELED,מבוטלת
6H,049,ISRAIR AIRLINES,2025-06-19T09:00:00,2025-06-19T09:00:00,D,ETM,RAMON,אילת - רמון,RAMON,ישראל,ISRAEL,1,,,CANCELED,מבוטלת
IZ,1071,ARKIA  ISRAELI  AIRLINES,2025-06-19T09:15:00,2025-06-19T09:15:00,D,RHO,RHODES-PARADISI,רודוס,RHODES,יוון,GREECE,1,,,CANCELED,מבוטלת
IZ,2202,ARKIA  ISRAELI  AIRLINES,2025-06-19T07:00:00,2025-06-19T09:19:00,A,LCA,LARNACA,לרנקה,LARNACA,קפריסין,CYPRUS,3,,,LANDED,נחתה
IZ,1161,ARKIA  ISRAELI  AIRLINES,2025-06-19T09:30:00,2025-06-19T09:30:00,D,LCA,LARNACA,לרנקה,LARNACA,קפריסין,CYPRUS,1,,,CANCELED,מבוטלת
6H,524,ISRAIR AIRLINES,2025-06-19T09:00:00,2025-06-19T09:43:00,A,JMK,MIKONOS,מיקונוס,MYKONOS,יוון,GREECE,3,,,LANDED,נחתה
LY,5440,EL AL ISRAEL AIRLINES,2025-06-19T10:00:00,2025-06-19T10:00:00,A,LCA,LARNACA,לרנקה,LARNACA,קפריסין,CYPRUS,3,,,NOT FINAL,לא סופי
HU,7957,HAINAN AIRLINES,2025-06-19T10:25:00,2025-06-19T10:25:00,A,PEK,BEIJING,בייג'ינג,BEIJING,סין,CHINA,3,,,CANCELED,מבוטלת
IZ,741,ARKIA  ISRAELI  AIRLINES,2025-06-19T10:30:00,2025-06-19T10:30:00,D,CDG,PARIS-CHARLES DE GAULLE,פריס,PARIS,צרפת,FRANCE,3,,,CANCELED,מבוטלת
IZ,369,ARKIA  ISRAELI  AIRLINES,2025-06-19T10:40:00,2025-06-19T10:40:00,D,TIV,TIVAT,טיבאת,TIVAT,מונטנגרו,MONTENEGRO,3,,,CANCELED,מבוטלת
IZ,1162,ARKIA  ISRAELI  AIRLINES,2025-06-19T11:05:00,2025-06-19T11:05:00,A,LCA,LARNACA,לרנקה,LARNACA,קפריסין,CYPRUS,3,,,CANCELED,מבוטלת
LY,1360,EL AL ISRAEL AIRLINES,2025-06-19T11:00:00,2025-06-19T11:27:00,A,BUD,BUDAPEST,בודפשט,BUDAPEST,הונגריה,HUNGARY,3,,,FINAL,סופי
6H,050,ISRAIR AIRLINES,2025-06-19T11:40:00,2025-06-19T11:40:00,A,ETM,RAMON,אילת - רמון,RAMON,ישראל,ISRAEL,1,,,CANCELED,מבוטלת
IZ,212,ARKIA  ISRAELI  AIRLINES,2025-06-19T11:55:00,2025-06-19T11:55:00,A,ATH,ATHENS,אתונה,ATHENS,יוון,GREECE,3,,,CANCELED,מבוטלת
XR,401,CORENDON EUROPE,2025-06-19T11:55:00,2025-06-19T11:55:00,A,HER,HERAKLION,הרקליון,HERAKLION,יוון,GREECE,3,,,CANCELED,מבוטלת
4D,342,FLYYO,2025-06-19T11:55:00,2025-06-19T11:55:00,A,RHO,RHODES-PARADISI,רודוס,RHODES,יוון,GREECE,3,,,CANCELED,מבוטלת
LY,444,EL AL ISRAEL AIRLINES,2025-06-19T12:00:00,2025-06-19T12:00:00,A,ATH,ATHENS,אתונה,ATHENS,יוון,GREECE,3,,,NOT FINAL,לא סופי
BZ,254,BLUE BIRD AIRWAYS,2025-06-19T12:10:00,2025-06-19T12:10:00,D,BCN,BARCELONA,ברצלונה,BARCELONA,ספרד,SPAIN,3,,,CANCELED,מבוטלת
IZ,092,ARKIA  ISRAELI  AIRLINES,2025-06-19T12:10:00,2025-06-19T12:10:00,A,HER,HERAKLION,הרקליון,HERAKLION,יוון,GREECE,3,,,CANCELED,מבוטלת
IZ,414,ARKIA  ISRAELI  AIRLINES,2025-06-19T12:20:00,2025-06-19T12:20:00,A,BUS,BATUMI,בטומי,BATUMI,גיאורגיה,GEORGIA,3,,,CANCELED,מבוטלת
IZ,122,ARKIA  ISRAELI  AIRLINES,2025-06-19T12:45:00,2025-06-19T12:45:00,A,JMK,MIKONOS,מיקונוס,MYKONOS,יוון,GREECE,3,,,CANCELED,מבוטלת
BZ,753,BLUE BIRD AIRWAYS,2025-06-19T12:55:00,2025-06-19T12:55:00,A,HER,HERAKLION,הרקליון,HERAKLION,יוון,GREECE,3,,,CANCELED,מבוטלת
BZ,801,BLUE BIRD AIRWAYS,2025-06-19T12:55:00,2025-06-19T12:55:00,A,KGS,KOS,קוס,KOS,יוון,GREECE,3,,,CANCELED,מבוטלת
4D,343,FLYYO,2025-06-19T12:55:00,2025-06-19T12:55:00,D,HER,HERAKLION,הרקליון,HERAKLION,יוון,GREECE,3,,,CANCELED,מבוטלת
BZ,703,BLUE BIRD AIRWAYS,2025-06-19T13:00:00,2025-06-19T13:00:00,A,ATH,ATHENS,אתונה,ATHENS,יוון,GREECE,3,,,CANCELED,מבוטלת
BZ,759,BLUE BIRD AIRWAYS,2025-06-19T13:00:00,2025-06-19T13:00:00,A,HER,HERAKLION,הרקליון,HERAKLION,יוון,GREECE,3,,,CANCELED,מבוטלת
XR,402,CORENDON EUROPE,2025-06-19T13:00:00,2025-06-19T13:00:00,D,HER,HERAKLION,הרקליון,HERAKLION,יוון,GREECE,3,,,CANCELED,מבוטלת
6H,526,ISRAIR AIRLINES,2025-06-19T13:10:00,2025-06-19T13:10:00,A,JMK,MIKONOS,מיקונוס,MYKONOS,יוון,GREECE,3,,,NOT FINAL,לא סופי
BZ,691,BLUE BIRD AIRWAYS,2025-06-19T13:20:00,2025-06-19T13:20:00,A,RHO,RHODES-PARADISI,רודוס,RHODES,יוון,GREECE,3,,,CANCELED,מבוטלת
IZ,1072,ARKIA  ISRAELI  AIRLINES,2025-06-19T13:20:00,2025-06-19T13:20:00,A,RHO,RHODES-PARADISI,רודוס,RHODES,יוון,GREECE,3,,,CANCELED,מבוטלת
LY,482,EL AL ISRAEL AIRLINES,2025-06-19T13:30:00,2025-06-19T13:30:00,A,FCO,ROME - FIUMICINO,רומא,ROME,איטליה,ITALY,3,,,CANCELED,מבוטלת
LY,482,EL AL ISRAEL AIRLINES,2025-06-19T12:55:00,2025-06-19T13:30:00,A,SOF,SOFIA,סופיה,SOFIA,בולגריה,BULGARIA,3,,,DELAYED,עיכוב
BZ,887,BLUE BIRD AIRWAYS,2025-06-19T13:35:00,2025-06-19T13:35:00,A,JMK,MIKONOS,מיקונוס,MYKONOS,יוון,GREECE,3,,,CANCELED,מבוטלת
BZ,561,BLUE BIRD AIRWAYS,2025-06-19T13:55:00,2025-06-19T13:55:00,A,BOJ,BURGAS,בורגס,BOURGAS,בולגריה,BULGARIA,3,,,CANCELED,מבוטלת
BZ,754,BLUE BIRD AIRWAYS,2025-06-19T13:55:00,2025-06-19T13:55:00,D,HER,HERAKLION,הרקליון,HERAKLION,יוון,GREECE,3,,,CANCELED,מבוטלת
BZ,132,BLUE BIRD AIRWAYS,2025-06-19T14:00:00,2025-06-19T14:00:00,D,FCO,ROME - FIUMICINO,רומא,ROME,איטליה,ITALY,3,,,CANCELED,מבוטלת
BZ,462,BLUE BIRD AIRWAYS,2025-06-19T14:00:00,2025-06-19T14:00:00,D,PRG,PRAGUE-RUZYNE,פראג,PRAGUE,צ'כיה,CZECH REPUBLIC,3,,,CANCELED,מבוטלת
BZ,706,BLUE BIRD AIRWAYS,2025-06-19T14:00:00,2025-06-19T14:00:00,D,ATH,ATHENS,אתונה,ATHENS,יוון,GREECE,3,,,CANCELED,מבוטלת
IZ,281,ARKIA  ISRAELI  AIRLINES,2025-06-19T14:00:00,2025-06-19T14:00:00,D,PRG,PRAGUE-RUZYNE,פראג,PRAGUE,צ'כיה,CZECH REPUBLIC,1,,,CANCELED,מבוטלת
IZ,3204,ARKIA  ISRAELI  AIRLINES,2025-06-19T14:00:00,2025-06-19T14:00:00,A,ATH,ATHENS,אתונה,ATHENS,יוון,GREECE,3,,,NOT FINAL,לא סופי
IZ,367,ARKIA  ISRAELI  AIRLINES,2025-06-19T14:00:00,2025-06-19T14:00:00,D,TIV,TIVAT,טיבאת,TIVAT,מונטנגרו,MONTENEGRO,3,,,CANCELED,מבוטלת
LY,446,EL AL ISRAEL AIRLINES,2025-06-19T14:00:00,2025-06-19T14:00:00,A,ATH,ATHENS,אתונה,ATHENS,יוון,GREECE,3,,,NOT FINAL,לא סופי
BZ,708,BLUE BIRD AIRWAYS,2025-06-19T14:20:00,2025-06-19T14:20:00,D,ATH,ATHENS,אתונה,ATHENS,יוון,GREECE,3,,,CANCELED,מבוטלת
CY,110,CYPRUS AIRWAYS,2025-06-19T14:30:00,2025-06-19T14:30:00,A,LCA,LARNACA,לרנקה,LARNACA,קפריסין,CYPRUS,3,,,CANCELED,מבוטלת
IZ,271,ARKIA  ISRAELI  AIRLINES,2025-06-19T14:30:00,2025-06-19T14:30:00,D,BCN,BARCELONA,ברצלונה,BARCELONA,ספרד,SPAIN,3,,,CANCELED,מבוטלת
BZ,442,BLUE BIRD AIRWAYS,2025-06-19T14:35:00,2025-06-19T14:35:00,D,BUD,BUDAPEST,בודפשט,BUDAPEST,הונגריה,HUNGARY,3,,,CANCELED,מבוטלת
IZ,054,ARKIA  ISRAELI  AIRLINES,2025-06-19T14:50:00,2025-06-19T14:50:00,A,CFU,CORFU,קורפו,CORFU,יוון,GREECE,3,,,CANCELED,מבוטלת
BZ,702,BLUE BIRD AIRWAYS,2025-06-19T14:55:00,2025-06-19T14:55:00,D,ATH,ATHENS,אתונה,ATHENS,יוון,GREECE,3,,,CANCELED,מבוטלת
IZ,335,ARKIA  ISRAELI  AIRLINES,2025-06-19T14:55:00,2025-06-19T14:55:00,D,FCO,ROME - FIUMICINO,רומא,ROME,איטליה,ITALY,3,,,CANCELED,מבוטלת
HU,7958,HAINAN AIRLINES,2025-06-19T15:00:00,2025-06-19T15:00:00,D,PEK,BEIJING,בייג'ינג,BEIJING,סין,CHINA,3,,,CANCELED,מבוטלת
LY,488,EL AL ISRAEL AIRLINES,2025-06-19T15:00:00,2025-06-19T15:00:00,A,MXP,MILAN-MALPENSA,מילאנו,MILAN,איטליה,ITALY,3,,,NOT FINAL,לא סופי
LIL,9104,FLY LILI,2025-06-19T15:20:00,2025-06-19T15:20:00,A,PRG,PRAGUE-RUZYNE,פראג,PRAGUE,צ'כיה,CZECH REPUBLIC,3,,,CANCELED,מבוטלת
CY,111,CYPRUS AIRWAYS,2025-06-19T15:30:00,2025-06-19T15:30:00,D,LCA,LARNACA,לרנקה,LARNACA,קפריסין,CYPRUS,3,,,CANCELED,מבוטלת
LY,484,EL AL ISRAEL AIRLINES,2025-06-19T16:00:00,2025-06-19T16:00:00,A,FCO,ROME - FIUMICINO,רומא,ROME,איטליה,ITALY,3,,,NOT FINAL,לא סופי
IZ,3206,ARKIA  ISRAELI  AIRLINES,2025-06-19T16:20:00,2025-06-19T16:20:00,A,LCA,LARNACA,לרנקה,LARNACA,קפריסין,CYPRUS,3,,,NOT FINAL,לא סופי
LIL,9101,FLY LILI,2025-06-19T16:25:00,2025-06-19T16:25:00,D,MLA,MALTA,מלטה,MALTA,מלטה,MALTA,3,,,CANCELED,מבוטלת
LY,412,EL AL ISRAEL AIRLINES,2025-06-19T17:00:00,2025-06-19T17:00:00,A,LTN,LUTON,לונדון לוטון,LONDON LUTON,בריטניה,UNITED KINGDOM,3,,,NOT FINAL,לא סופי
IZ,289,ARKIA  ISRAELI  AIRLINES,2025-06-19T17:15:00,2025-06-19T17:15:00,D,BTS,BRATISLAVA,ברטיסלבה,BRATISLAVA,סלובקיה,SLOVAKIA,3,,,CANCELED,מבוטלת
TO,3458,TRANSAVIA FRANCE,2025-06-19T17:35:00,2025-06-19T17:35:00,A,ORY,PARIS-ORLY,פריס,PARIS,צרפת,FRANCE,3,,,CANCELED,מבוטלת
IZ,213,ARKIA  ISRAELI  AIRLINES,2025-06-19T17:50:00,2025-06-19T17:50:00,D,ATH,ATHENS,אתונה,ATHENS,יוון,GREECE,3,,,CANCELED,מבוטלת
IZ,368,ARKIA  ISRAELI  AIRLINES,2025-06-19T17:50:00,2025-06-19T17:50:00,A,TIV,TIVAT,טיבאת,TIVAT,מונטנגרו,MONTENEGRO,3,,,CANCELED,מבוטלת
IZ,285,ARKIA  ISRAELI  AIRLINES,2025-06-19T18:00:00,2025-06-19T18:00:00,D,ZAD,ZADAR,זאדאר,ZADAR,קרואטיה,CROATIA,3,,,CANCELED,מבוטלת
IZ,417,ARKIA  ISRAELI  AIRLINES,2025-06-19T18:10:00,2025-06-19T18:10:00,D,TBS,TBILISI,טביליסי,TBILISI,גיאורגיה,GEORGIA,1,,,CANCELED,מבוטלת
BZ,757,BLUE BIRD AIRWAYS,2025-06-19T18:25:00,2025-06-19T18:25:00,A,HER,HERAKLION,הרקליון,HERAKLION,יוון,GREECE,3,,,CANCELED,מבוטלת
TO,3459,TRANSAVIA FRANCE,2025-06-19T18:35:00,2025-06-19T18:35:00,D,ORY,PARIS-ORLY,פריס,PARIS,צרפת,FRANCE,1,,,CANCELED,מבוטלת
IZ,994,ARKIA  ISRAELI  AIRLINES,2025-06-19T19:00:00,2025-06-19T19:00:00,A,JFK,NEW YORK - J.F.KENNEDY,ניו יורק,NEW YORK,ארצות הברית,UNITED STATES,3,,,CANCELED,מבוטלת
BZ,758,BLUE BIRD AIRWAYS,2025-06-19T19:25:00,2025-06-19T19:25:00,D,HER,HERAKLION,הרקליון,HERAKLION,יוון,GREECE,3,,,CANCELED,מבוטלת
BZ,701,BLUE BIRD AIRWAYS,2025-06-19T20:00:00,2025-06-19T20:00:00,A,ATH,ATHENS,אתונה,ATHENS,יוון,GREECE,3,,,CANCELED,מבוטלת
IZ,370,ARKIA  ISRAELI  AIRLINES,2025-06-19T21:15:00,2025-06-19T21:15:00,A,TIV,TIVAT,טיבאת,TIVAT,מונטנגרו,MONTENEGRO,3,,,CANCELED,מבוטלת
OE,809,FLYONE ROMANIA,2025-06-19T21:20:00,2025-06-19T21:20:00,A,OTP,BUCHAREST - OTOPENI,בוקרשט,BUCHAREST,רומניה,ROMANIA,3,,,CANCELED,מבוטלת
IZ,742,ARKIA  ISRAELI  AIRLINES,2025-06-19T21:45:00,2025-06-19T21:45:00,A,CDG,PARIS-CHARLES DE GAULLE,פריס,PARIS,צרפת,FRANCE,3,,,CANCELED,מבוטלת
BZ,131,BLUE BIRD AIRWAYS,2025-06-19T22:05:00,2025-06-19T22:05:00,A,FCO,ROME - FIUMICINO,רומא,ROME,איטליה,ITALY,3,,,CANCELED,מבוטלת
BZ,255,BLUE BIRD AIRWAYS,2025-06-19T22:05:00,2025-06-19T22:05:00,A,BCN,BARCELONA,ברצלונה,BARCELONA,ספרד,SPAIN,3,,,CANCELED,מבוטלת
OE,810,FLYONE ROMANIA,2025-06-19T22:20:00,2025-06-19T22:20:00,D,OTP,BUCHAREST - OTOPENI,בוקרשט,BUCHAREST,רומניה,ROMANIA,3,,,CANCELED,מבוטלת
BZ,441,BLUE BIRD AIRWAYS,2025-06-19T22:25:00,2025-06-19T22:25:00,A,BUD,BUDAPEST,בודפשט,BUDAPEST,הונגריה,HUNGARY,3,,,CANCELED,מבוטלת
H4,237,HISKY EUROPE SRL,2025-06-19T22:25:00,2025-06-19T22:25:00,A,OTP,BUCHAREST - OTOPENI,בוקרשט,BUCHAREST,רומניה,ROMANIA,3,,,CANCELED,מבוטלת
BZ,461,BLUE BIRD AIRWAYS,2025-06-19T22:45:00,2025-06-19T22:45:00,A,PRG,PRAGUE-RUZYNE,פראג,PRAGUE,צ'כיה,CZECH REPUBLIC,3,,,CANCELED,מבוטלת
IZ,163,ARKIA  ISRAELI  AIRLINES,2025-06-19T22:45:00,2025-06-19T22:45:00,D,LCA,LARNACA,לרנקה,LARNACA,קפריסין,CYPRUS,1,,,CANCELED,מבוטלת
IZ,282,ARKIA  ISRAELI  AIRLINES,2025-06-19T23:15:00,2025-06-19T23:15:00,A,PRG,PRAGUE-RUZYNE,פראג,PRAGUE,צ'כיה,CZECH REPUBLIC,3,,,CANCELED,מבוטלת
IZ,336,ARKIA  ISRAELI  AIRLINES,2025-06-19T23:15:00,2025-06-19T23:15:00,A,FCO,ROME - FIUMICINO,רומא,ROME,איטליה,ITALY,3,,,CANCELED,מבוטלת
LIL,9102,FLY LILI,2025-06-19T23:15:00,2025-06-19T23:15:00,A,MLA,MALTA,מלטה,MALTA,מלטה,MALTA,3,,,CANCELED,מבוטלת
H4,238,HISKY EUROPE SRL,2025-06-19T23:45:00,2025-06-19T23:45:00,D,OTP,BUCHAREST - OTOPENI,בוקרשט,BUCHAREST,רומניה,ROMANIA,3,,,CANCELED,מבוטלת
BZ,751,BLUE BIRD AIRWAYS,2025-06-19T23:55:00,2025-06-19T23:55:00,A,HER,HERAKLION,הרקליון,HERAKLION,יוון,GREECE,3,,,CANCELED,מבוטלת
IZ,418,ARKIA  ISRAELI  AIRLINES,2025-06-20T00:35:00,2025-06-20T00:35:00,A,TBS,TBILISI,טביליסי,TBILISI,גיאורגיה,GEORGIA,3,,,CANCELED,מבוטלת
IZ,216,ARKIA  ISRAELI  AIRLINES,2025-06-20T00:45:00,2025-06-20T00:45:00,A,ATH,ATHENS,אתונה,ATHENS,יוון,GREECE,3,,,CANCELED,מבוטלת
IZ,272,ARKIA  ISRAELI  AIRLINES,2025-06-20T00:50:00,2025-06-20T00:50:00,A,BCN,BARCELONA,ברצלונה,BARCELONA,ספרד,SPAIN,3,,,CANCELED,מבוטלת
IZ,164,ARKIA  ISRAELI  AIRLINES,2025-06-20T01:50:00,2025-06-20T01:50:00,A,LCA,LARNACA,לרנקה,LARNACA,קפריסין,CYPRUS,3,,,CANCELED,מבוטלת
IZ,290,ARKIA  ISRAELI  AIRLINES,2025-06-20T02:00:00,2025-06-20T02:00:00,A,BTS,BRATISLAVA,ברטיסלבה,BRATISLAVA,סלובקיה,SLOVAKIA,3,,,CANCELED,מבוטלת
IZ,286,ARKIA  ISRAELI  AIRLINES,2025-06-20T02:25:00,2025-06-20T02:25:00,A,ZAD,ZADAR,זאדאר,ZADAR,קרואטיה,CROATIA,3,,,CANCELED,מבוטלת
IZ,286,ARKIA  ISRAELI  AIRLINES,2025-06-20T03:00:00,2025-06-20T03:00:00,A,ZAD,ZADAR,זאדאר,ZADAR,קרואטיה,CROATIA,3,,,CANCELED,מבוטלת
IZ,992,ARKIA  ISRAELI  AIRLINES,2025-06-20T04:00:00,2025-06-20T04:00:00,A,JFK,NEW YORK - J.F.KENNEDY,ניו יורק,NEW YORK,ארצות הברית,UNITED STATES,3,,,CANCELED,מבוטלת
IZ,331,ARKIA  ISRAELI  AIRLINES,2025-06-20T05:30:00,2025-06-20T05:30:00,D,NAP,NAPLES-CAPODICHINO,נאפולי,NAPLES,איטליה,ITALY,3,,,CANCELED,מבוטלת
IZ,141,ARKIA  ISRAELI  AIRLINES,2025-06-20T06:20:00,2025-06-20T06:20:00,D,AOK,KARPATHOS,קרפתוס,KARPATHOS,יוון,GREECE,3,,,CANCELED,מבוטלת
IZ,211,ARKIA  ISRAELI  AIRLINES,2025-06-20T06:20:00,2025-06-20T06:20:00,D,ATH,ATHENS,אתונה,ATHENS,יוון,GREECE,1,,,CANCELED,מבוטלת
BZ,704,BLUE BIRD AIRWAYS,2025-06-20T06:40:00,2025-06-20T06:40:00,D,ATH,ATHENS,אתונה,ATHENS,יוון,GREECE,3,,,CANCELED,מבוטלת
LIL,9140,FLY LILI,2025-06-20T06:50:00,2025-06-20T06:50:00,D,OTP,BUCHAREST - OTOPENI,בוקרשט,BUCHAREST,רומניה,ROMANIA,3,,,CANCELED,מבוטלת
BZ,708,BLUE BIRD AIRWAYS,2025-06-20T07:00:00,2025-06-20T07:00:00,D,ATH,ATHENS,אתונה,ATHENS,יוון,GREECE,3,,,CANCELED,מבוטלת
IZ,1161,ARKIA  ISRAELI  AIRLINES,2025-06-20T07:00:00,2025-06-20T07:00:00,D,LCA,LARNACA,לרנקה,LARNACA,קפריסין,CYPRUS,1,,,CANCELED,מבוטלת
IZ,611,ARKIA  ISRAELI  AIRLINES,2025-06-20T07:00:00,2025-06-20T07:00:00,D,SEZ,MAHE SEYCHELLES INTL,מאהה,MAHE SEYCHELLES,איי סיישל,SEYCHELLES,3,,,CANCELED,מבוטלת
IZ,367,ARKIA  ISRAELI  AIRLINES,2025-06-20T07:05:00,2025-06-20T07:05:00,D,TIV,TIVAT,טיבאת,TIVAT,מונטנגרו,MONTENEGRO,3,,,CANCELED,מבוטלת
BZ,442,BLUE BIRD AIRWAYS,2025-06-20T07:25:00,2025-06-20T07:25:00,D,BUD,BUDAPEST,בודפשט,BUDAPEST,הונגריה,HUNGARY,3,,,CANCELED,מבוטלת
IZ,1281,ARKIA  ISRAELI  AIRLINES,2025-06-20T07:40:00,2025-06-20T07:40:00,D,PRG,PRAGUE-RUZYNE,פראג,PRAGUE,צ'כיה,CZECH REPUBLIC,3,,,CANCELED,מבוטלת
A9,695,GEORGIAN AIRWAYS,2025-06-20T07:50:00,2025-06-20T07:50:00,A,TBS,TBILISI,טביליסי,TBILISI,גיאורגיה,GEORGIA,3,,,CANCELED,מבוטלת
IZ,281,ARKIA  ISRAELI  AIRLINES,2025-06-20T07:55:00,2025-06-20T07:55:00,D,PRG,PRAGUE-RUZYNE,פראג,PRAGUE,צ'כיה,CZECH REPUBLIC,1,,,CANCELED,מבוטלת
IZ,743,ARKIA  ISRAELI  AIRLINES,2025-06-20T08:00:00,2025-06-20T08:00:00,D,CDG,PARIS-CHARLES DE GAULLE,פריס,PARIS,צרפת,FRANCE,3,,,CANCELED,מבוטלת
IZ,801,ARKIA  ISRAELI  AIRLINES,2025-06-20T08:00:00,2025-06-20T08:00:00,D,ETM,RAMON,אילת - רמון,RAMON,ישראל,ISRAEL,1,,,CANCELED,מבוטלת
IZ,302,ARKIA  ISRAELI  AIRLINES,2025-06-20T08:15:00,2025-06-20T08:15:00,A,KTW,KATOWICE,קטוביץ,KATOWICE,פולין,POLAND,3,,,CANCELED,מבוטלת
IZ,1223,ARKIA  ISRAELI  AIRLINES,2025-06-20T08:45:00,2025-06-20T08:45:00,D,SKG,THESSALONIKI,סלוניקי,THESSALONIKI,יוון,GREECE,1,,,CANCELED,מבוטלת
BZ,752,BLUE BIRD AIRWAYS,2025-06-20T09:00:00,2025-06-20T09:00:00,D,HER,HERAKLION,הרקליון,HERAKLION,יוון,GREECE,3,,,CANCELED,מבוטלת
A9,696,GEORGIAN AIRWAYS,2025-06-20T09:10:00,2025-06-20T09:10:00,D,TBS,TBILISI,טביליסי,TBILISI,גיאורגיה,GEORGIA,3,,,CANCELED,מבוטלת
3F,873,FLYONE ARMENIA LLC,2025-06-20T09:35:00,2025-06-20T09:35:00,A,EVN,YEREVAN,ירבאן,YEREVAN,ארמניה,ARMENIA,3,,,CANCELED,מבוטלת
BZ,692,BLUE BIRD AIRWAYS,2025-06-20T09:40:00,2025-06-20T09:40:00,D,RHO,RHODES-PARADISI,רודוס,RHODES,יוון,GREECE,3,,,CANCELED,מבוטלת
IZ,097,ARKIA  ISRAELI  AIRLINES,2025-06-20T09:40:00,2025-06-20T09:40:00,D,HER,HERAKLION,הרקליון,HERAKLION,יוון,GREECE,1,,,CANCELED,מבוטלת
BZ,272,BLUE BIRD AIRWAYS,2025-06-20T10:00:00,2025-06-20T10:00:00,D,BER,BERLIN BRANDENBURG INTL,ברלין,BERLIN,גרמניה,GERMANY,3,,,CANCELED,מבוטלת
IZ,1162,ARKIA  ISRAELI  AIRLINES,2025-06-20T10:00:00,2025-06-20T10:00:00,A,LCA,LARNACA,לרנקה,LARNACA,קפריסין,CYPRUS,3,,,CANCELED,מבוטלת
BZ,252,BLUE BIRD AIRWAYS,2025-06-20T10:20:00,2025-06-20T10:20:00,D,BCN,BARCELONA,ברצלונה,BARCELONA,ספרד,SPAIN,3,,,CANCELED,מבוטלת
IZ,142,ARKIA  ISRAELI  AIRLINES,2025-06-20T10:25:00,2025-06-20T10:25:00,A,AOK,KARPATHOS,קרפתוס,KARPATHOS,יוון,GREECE,3,,,CANCELED,מבוטלת
3F,874,FLYONE ARMENIA LLC,2025-06-20T10:35:00,2025-06-20T10:35:00,D,EVN,YEREVAN,ירבאן,YEREVAN,ארמניה,ARMENIA,3,,,CANCELED,מבוטלת
IZ,802,ARKIA  ISRAELI  AIRLINES,2025-06-20T10:40:00,2025-06-20T10:40:00,A,ETM,RAMON,אילת - רמון,RAMON,ישראל,ISRAEL,1,,,CANCELED,מבוטלת
BZ,132,BLUE BIRD AIRWAYS,2025-06-20T11:00:00,2025-06-20T11:00:00,D,FCO,ROME - FIUMICINO,רומא,ROME,איטליה,ITALY,3,,,CANCELED,מבוטלת
BZ,703,BLUE BIRD AIRWAYS,2025-06-20T11:25:00,2025-06-20T11:25:00,A,ATH,ATHENS,אתונה,ATHENS,יוון,GREECE,3,,,CANCELED,מבוטלת
IZ,1055,ARKIA  ISRAELI  AIRLINES,2025-06-20T11:25:00,2025-06-20T11:25:00,D,CFU,CORFU,קורפו,CORFU,יוון,GREECE,1,,,CANCELED,מבוטלת
IZ,073,ARKIA  ISRAELI  AIRLINES,2025-06-20T11:30:00,2025-06-20T11:30:00,D,RHO,RHODES-PARADISI,רודוס,RHODES,יוון,GREECE,1,,,CANCELED,מבוטלת
IZ,219,ARKIA  ISRAELI  AIRLINES,2025-06-20T11:30:00,2025-06-20T11:30:00,D,ATH,ATHENS,אתונה,ATHENS,יוון,GREECE,3,,,CANCELED,מבוטלת
IZ,803,ARKIA  ISRAELI  AIRLINES,2025-06-20T11:30:00,2025-06-20T11:30:00,D,ETM,RAMON,אילת - רמון,RAMON,ישראל,ISRAEL,1,,,CANCELED,מבוטלת
IZ,212,ARKIA  ISRAELI  AIRLINES,2025-06-20T11:40:00,2025-06-20T11:40:00,A,ATH,ATHENS,אתונה,ATHENS,יוון,GREECE,3,,,CANCELED,מבוטלת
BZ,706,BLUE BIRD AIRWAYS,2025-06-20T12:20:00,2025-06-20T12:20:00,D,ATH,ATHENS,אתונה,ATHENS,יוון,GREECE,3,,,CANCELED,מבוטלת
LIL,9141,FLY LILI,2025-06-20T12:40:00,2025-06-20T12:40:00,A,OTP,BUCHAREST - OTOPENI,בוקרשט,BUCHAREST,רומניה,ROMANIA,3,,,CANCELED,מבוטלת
A4,5025,AZIMUTH AIRLINES,2025-06-20T12:50:00,2025-06-20T12:50:00,A,AER,SOCHI,סוצ'י,SOCHI,רוסיה,RUSSIAN FEDERATION,3,,,CANCELED,מבוטלת
BZ,804,BLUE BIRD AIRWAYS,2025-06-20T12:55:00,2025-06-20T12:55:00,D,KGS,KOS,קוס,KOS,יוון,GREECE,3,,,CANCELED,מבוטלת
IZ,332,ARKIA  ISRAELI  AIRLINES,2025-06-20T13:00:00,2025-06-20T13:00:00,A,NAP,NAPLES-CAPODICHINO,נאפולי,NAPLES,איטליה,ITALY,3,,,CANCELED,מבוטלת
BZ,691,BLUE BIRD AIRWAYS,2025-06-20T13:40:00,2025-06-20T13:40:00,A,RHO,RHODES-PARADISI,רודוס,RHODES,יוון,GREECE,3,,,CANCELED,מבוטלת
BZ,753,BLUE BIRD AIRWAYS,2025-06-20T13:45:00,2025-06-20T13:45:00,A,HER,HERAKLION,הרקליון,HERAKLION,יוון,GREECE,3,,,CANCELED,מבוטלת
A4,5026,AZIMUTH AIRLINES,2025-06-20T13:50:00,2025-06-20T13:50:00,D,AER,SOCHI,סוצ'י,SOCHI,רוסיה,RUSSIAN FEDERATION,3,,,CANCELED,מבוטלת
IZ,804,ARKIA  ISRAELI  AIRLINES,2025-06-20T14:00:00,2025-06-20T14:00:00,A,ETM,RAMON,אילת - רמון,RAMON,ישראל,ISRAEL,1,,,CANCELED,מבוטלת
IZ,368,ARKIA  ISRAELI  AIRLINES,2025-06-20T14:05:00,2025-06-20T14:05:00,A,TIV,TIVAT,טיבאת,TIVAT,מונטנגרו,MONTENEGRO,3,,,CANCELED,מבוטלת
IZ,513,ARKIA  ISRAELI  AIRLINES,2025-06-20T14:10:00,2025-06-20T14:10:00,D,AMS,AMSTERDAM,אמסטרדם,AMSTERDAM,הולנד,NETHERLANDS,1,,,CANCELED,מבוטלת
IZ,1163,ARKIA  ISRAELI  AIRLINES,2025-06-20T14:25:00,2025-06-20T14:25:00,D,LCA,LARNACA,לרנקה,LARNACA,קפריסין,CYPRUS,3,,,CANCELED,מבוטלת
IZ,098,ARKIA  ISRAELI  AIRLINES,2025-06-20T14:30:00,2025-06-20T14:30:00,A,HER,HERAKLION,הרקליון,HERAKLION,יוון,GREECE,3,,,CANCELED,מבוטלת
BZ,462,BLUE BIRD AIRWAYS,2025-06-20T14:40:00,2025-06-20T14:40:00,D,PRG,PRAGUE-RUZYNE,פראג,PRAGUE,צ'כיה,CZECH REPUBLIC,3,,,CANCELED,מבוטלת
BZ,754,BLUE BIRD AIRWAYS,2025-06-20T14:45:00,2025-06-20T14:45:00,D,HER,HERAKLION,הרקליון,HERAKLION,יוון,GREECE,3,,,CANCELED,מבוטלת
IZ,805,ARKIA  ISRAELI  AIRLINES,2025-06-20T15:00:00,2025-06-20T15:00:00,D,ETM,RAMON,אילת - רמון,RAMON,ישראל,ISRAEL,1,,,CANCELED,מבוטלת
BZ,441,BLUE BIRD AIRWAYS,2025-06-20T15:15:00,2025-06-20T15:15:00,A,BUD,BUDAPEST,בודפשט,BUDAPEST,הונגריה,HUNGARY,3,,,CANCELED,מבוטלת
IZ,224,ARKIA  ISRAELI  AIRLINES,2025-06-20T15:15:00,2025-06-20T15:15:00,A,SKG,THESSALONIKI,סלוניקי,THESSALONIKI,יוון,GREECE,3,,,CANCELED,מבוטלת
IZ,074,ARKIA  ISRAELI  AIRLINES,2025-06-20T15:30:00,2025-06-20T15:30:00,A,RHO,RHODES-PARADISI,רודוס,RHODES,יוון,GREECE,3,,,CANCELED,מבוטלת
IZ,387,ARKIA  ISRAELI  AIRLINES,2025-06-20T16:15:00,2025-06-20T16:15:00,D,BEG,BELGRADE,בלגרד,BELGRADE,סרביה,SERBIA,1,,,CANCELED,מבוטלת
BZ,702,BLUE BIRD AIRWAYS,2025-06-20T16:20:00,2025-06-20T16:20:00,D,ATH,ATHENS,אתונה,ATHENS,יוון,GREECE,3,,,CANCELED,מבוטלת
IZ,1291,ARKIA  ISRAELI  AIRLINES,2025-06-20T16:45:00,2025-06-20T16:45:00,D,BUD,BUDAPEST,בודפשט,BUDAPEST,הונגריה,HUNGARY,1,,,CANCELED,מבוטלת
IZ,220,ARKIA  ISRAELI  AIRLINES,2025-06-20T16:55:00,2025-06-20T16:55:00,A,ATH,ATHENS,אתונה,ATHENS,יוון,GREECE,3,,,CANCELED,מבוטלת
IZ,213,ARKIA  ISRAELI  AIRLINES,2025-06-20T17:00:00,2025-06-20T17:00:00,D,ATH,ATHENS,אתונה,ATHENS,יוון,GREECE,3,,,CANCELED,מבוטלת
BZ,801,BLUE BIRD AIRWAYS,2025-06-20T17:15:00,2025-06-20T17:15:00,A,KGS,KOS,קוס,KOS,יוון,GREECE,3,,,CANCELED,מבוטלת
IZ,056,ARKIA  ISRAELI  AIRLINES,2025-06-20T17:15:00,2025-06-20T17:15:00,A,CFU,CORFU,קורפו,CORFU,יוון,GREECE,3,,,CANCELED,מבוטלת
IZ,806,ARKIA  ISRAELI  AIRLINES,2025-06-20T17:20:00,2025-06-20T17:20:00,A,ETM,RAMON,אילת - רמון,RAMON,ישראל,ISRAEL,1,,,CANCELED,מבוטלת
IZ,1164,ARKIA  ISRAELI  AIRLINES,2025-06-20T17:30:00,2025-06-20T17:30:00,A,LCA,LARNACA,לרנקה,LARNACA,קפריסין,CYPRUS,3,,,CANCELED,מבוטלת
IZ,282,ARKIA  ISRAELI  AIRLINES,2025-06-20T17:35:00,2025-06-20T17:35:00,A,PRG,PRAGUE-RUZYNE,פראג,PRAGUE,צ'כיה,CZECH REPUBLIC,3,,,CANCELED,מבוטלת
BZ,707,BLUE BIRD AIRWAYS,2025-06-20T17:45:00,2025-06-20T17:45:00,A,ATH,ATHENS,אתונה,ATHENS,יוון,GREECE,3,,,CANCELED,מבוטלת
IZ,214,ARKIA  ISRAELI  AIRLINES,2025-06-20T22:55:00,2025-06-20T22:55:00,A,ATH,ATHENS,אתונה,ATHENS,יוון,GREECE,3,,,CANCELED,מבוטלת
IZ,388,ARKIA  ISRAELI  AIRLINES,2025-06-20T23:10:00,2025-06-20T23:10:00,A,BEG,BELGRADE,בלגרד,BELGRADE,סרביה,SERBIA,3,,,CANCELED,מבוטלת
IZ,292,ARKIA  ISRAELI  AIRLINES,2025-06-21T00:55:00,2025-06-21T00:55:00,A,BUD,BUDAPEST,בודפשט,BUDAPEST,הונגריה,HUNGARY,3,,,CANCELED,מבוטלת
IZ,514,ARKIA  ISRAELI  AIRLINES,2025-06-21T01:55:00,2025-06-21T01:55:00,A,AMS,AMSTERDAM,אמסטרדם,AMSTERDAM,הולנד,NETHERLANDS,3,,,CANCELED,מבוטלת
IZ,365,ARKIA  ISRAELI  AIRLINES,2025-06-21T06:15:00,2025-06-21T06:15:00,D,SJJ,SARAJEVO,סראייבו,SARAJEVO,בוסניה,BOSNIA,3,,,CANCELED,מבוטלת
IZ,171,ARKIA  ISRAELI  AIRLINES,2025-06-21T07:20:00,2025-06-21T07:20:00,D,PVK,PREVEZA,פרבצה,PREVEZA,יוון,GREECE,3,,,CANCELED,מבוטלת
IZ,215,ARKIA  ISRAELI  AIRLINES,2025-06-21T07:45:00,2025-06-21T07:45:00,D,ATH,ATHENS,אתונה,ATHENS,יוון,GREECE,3,,,CANCELED,מבוטלת
IZ,743,ARKIA  ISRAELI  AIRLINES,2025-06-21T07:45:00,2025-06-21T07:45:00,D,CDG,PARIS-CHARLES DE GAULLE,פריס,PARIS,צרפת,FRANCE,3,,,CANCELED,מבוטלת
IZ,093,ARKIA  ISRAELI  AIRLINES,2025-06-21T08:15:00,2025-06-21T08:15:00,D,HER,HERAKLION,הרקליון,HERAKLION,יוון,GREECE,1,,,CANCELED,מבוטלת
IZ,219,ARKIA  ISRAELI  AIRLINES,2025-06-21T08:30:00,2025-06-21T08:30:00,D,ATH,ATHENS,אתונה,ATHENS,יוון,GREECE,3,,,CANCELED,מבוטלת
IZ,367,ARKIA  ISRAELI  AIRLINES,2025-06-21T09:30:00,2025-06-21T09:30:00,D,TIV,TIVAT,טיבאת,TIVAT,מונטנגרו,MONTENEGRO,3,,,CANCELED,מבוטלת
BZ,752,BLUE BIRD AIRWAYS,2025-06-21T11:30:00,2025-06-21T11:30:00,D,HER,HERAKLION,הרקליון,HERAKLION,יוון,GREECE,3,,,CANCELED,מבוטלת
IZ,094,ARKIA  ISRAELI  AIRLINES,2025-06-21T12:45:00,2025-06-21T12:45:00,A,HER,HERAKLION,הרקליון,HERAKLION,יוון,GREECE,3,,,CANCELED,מבוטלת
A4,5025,AZIMUTH AIRLINES,2025-06-21T12:50:00,2025-06-21T12:50:00,A,AER,SOCHI,סוצ'י,SOCHI,רוסיה,RUSSIAN FEDERATION,3,,,CANCELED,מבוטלת
BZ,703,BLUE BIRD AIRWAYS,2025-06-21T13:00:00,2025-06-21T13:00:00,A,ATH,ATHENS,אתונה,ATHENS,יוון,GREECE,3,,,CANCELED,מבוטלת
IZ,216,ARKIA  ISRAELI  AIRLINES,2025-06-21T13:05:00,2025-06-21T13:05:00,A,ATH,ATHENS,אתונה,ATHENS,יוון,GREECE,3,,,CANCELED,מבוטלת
IZ,172,ARKIA  ISRAELI  AIRLINES,2025-06-21T13:20:00,2025-06-21T13:20:00,A,PVK,PREVEZA,פרבצה,PREVEZA,יוון,GREECE,3,,,CANCELED,מבוטלת
IZ,1841,ARKIA  ISRAELI  AIRLINES,2025-06-21T13:30:00,2025-06-21T13:30:00,D,ETM,RAMON,אילת - רמון,RAMON,ישראל,ISRAEL,1,,,CANCELED,מבוטלת
IZ,366,ARKIA  ISRAELI  AIRLINES,2025-06-21T13:45:00,2025-06-21T13:45:00,A,SJJ,SARAJEVO,סראייבו,SARAJEVO,בוסניה,BOSNIA,3,,,CANCELED,מבוטלת
A4,5026,AZIMUTH AIRLINES,2025-06-21T13:50:00,2025-06-21T13:50:00,D,AER,SOCHI,סוצ'י,SOCHI,רוסיה,RUSSIAN FEDERATION,3,,,CANCELED,מבוטלת
IZ,220,ARKIA  ISRAELI  AIRLINES,2025-06-21T13:55:00,2025-06-21T13:55:00,A,ATH,ATHENS,אתונה,ATHENS,יוון,GREECE,3,,,CANCELED,מבוטלת
BZ,702,BLUE BIRD AIRWAYS,2025-06-21T14:00:00,2025-06-21T14:00:00,D,ATH,ATHENS,אתונה,ATHENS,יוון,GREECE,3,,,CANCELED,מבוטלת
IZ,095,ARKIA  ISRAELI  AIRLINES,2025-06-21T14:00:00,2025-06-21T14:00:00,D,HER,HERAKLION,הרקליון,HERAKLION,יוון,GREECE,3,,,CANCELED,מבוטלת
IZ,1161,ARKIA  ISRAELI  AIRLINES,2025-06-21T14:00:00,2025-06-21T14:00:00,D,LCA,LARNACA,לרנקה,LARNACA,קפריסין,CYPRUS,1,,,CANCELED,מבוטלת
IZ,415,ARKIA  ISRAELI  AIRLINES,2025-06-21T14:00:00,2025-06-21T14:00:00,D,BUS,BATUMI,בטומי,BATUMI,גיאורגיה,GEORGIA,3,,,CANCELED,מבוטלת
IZ,815,ARKIA  ISRAELI  AIRLINES,2025-06-21T14:20:00,2025-06-21T14:20:00,D,ETM,RAMON,אילת - רמון,RAMON,ישראל,ISRAEL,1,,,CANCELED,מבוטלת
IZ,077,ARKIA  ISRAELI  AIRLINES,2025-06-21T14:50:00,2025-06-21T14:50:00,D,RHO,RHODES-PARADISI,רודוס,RHODES,יוון,GREECE,3,,,CANCELED,מבוטלת
IZ,1163,ARKIA  ISRAELI  AIRLINES,2025-06-21T15:00:00,2025-06-21T15:00:00,D,LCA,LARNACA,לרנקה,LARNACA,קפריסין,CYPRUS,3,,,CANCELED,מבוטלת
IZ,275,ARKIA  ISRAELI  AIRLINES,2025-06-21T15:35:00,2025-06-21T15:35:00,D,BCN,BARCELONA,ברצלונה,BARCELONA,ספרד,SPAIN,3,,,CANCELED,מבוטלת
BZ,753,BLUE BIRD AIRWAYS,2025-06-21T16:00:00,2025-06-21T16:00:00,A,HER,HERAKLION,הרקליון,HERAKLION,יוון,GREECE,3,,,CANCELED,מבוטלת
IZ,1842,ARKIA  ISRAELI  AIRLINES,2025-06-21T16:00:00,2025-06-21T16:00:00,A,ETM,RAMON,אילת - רמון,RAMON,ישראל,ISRAEL,1,,,CANCELED,מבוטלת
IZ,612,ARKIA  ISRAELI  AIRLINES,2025-06-21T16:20:00,2025-06-21T16:20:00,A,SEZ,MAHE SEYCHELLES INTL,מאהה,MAHE SEYCHELLES,איי סיישל,SEYCHELLES,3,,,CANCELED,מבוטלת
IZ,368,ARKIA  ISRAELI  AIRLINES,2025-06-21T16:30:00,2025-06-21T16:30:00,A,TIV,TIVAT,טיבאת,TIVAT,מונטנגרו,MONTENEGRO,3,,,CANCELED,מבוטלת
IZ,1162,ARKIA  ISRAELI  AIRLINES,2025-06-21T17:00:00,2025-06-21T17:00:00,A,LCA,LARNACA,לרנקה,LARNACA,קפריסין,CYPRUS,3,,,CANCELED,מבוטלת
IZ,1843,ARKIA  ISRAELI  AIRLINES,2025-06-21T17:00:00,2025-06-21T17:00:00,D,ETM,RAMON,אילת - רמון,RAMON,ישראל,ISRAEL,1,,,CANCELED,מבוטלת
IZ,816,ARKIA  ISRAELI  AIRLINES,2025-06-21T17:10:00,2025-06-21T17:10:00,A,ETM,RAMON,אילת - רמון,RAMON,ישראל,ISRAEL,1,,,CANCELED,מבוטלת
IZ,079,ARKIA  ISRAELI  AIRLINES,2025-06-21T18:00:00,2025-06-21T18:00:00,D,RHO,RHODES-PARADISI,רודוס,RHODES,יוון,GREECE,3,,,CANCELED,מבוטלת
IZ,1164,ARKIA  ISRAELI  AIRLINES,2025-06-21T18:00:00,2025-06-21T18:00:00,A,LCA,LARNACA,לרנקה,LARNACA,קפריסין,CYPRUS,3,,,CANCELED,מבוטלת
IZ,211,ARKIA  ISRAELI  AIRLINES,2025-06-21T18:15:00,2025-06-21T18:15:00,D,ATH,ATHENS,אתונה,ATHENS,יוון,GREECE,1,,,CANCELED,מבוטלת
IZ,096,ARKIA  ISRAELI  AIRLINES,2025-06-21T18:30:00,2025-06-21T18:30:00,A,HER,HERAKLION,הרקליון,HERAKLION,יוון,GREECE,3,,,CANCELED,מבוטלת
IZ,1805,ARKIA  ISRAELI  AIRLINES,2025-06-21T18:50:00,2025-06-21T18:50:00,D,ETM,RAMON,אילת - רמון,RAMON,ישראל,ISRAEL,1,,,CANCELED,מבוטלת
IZ,078,ARKIA  ISRAELI  AIRLINES,2025-06-21T18:55:00,2025-06-21T18:55:00,A,RHO,RHODES-PARADISI,רודוס,RHODES,יוון,GREECE,3,,,CANCELED,מבוטלת
IZ,051,ARKIA  ISRAELI  AIRLINES,2025-06-21T19:00:00,2025-06-21T19:00:00,D,CFU,CORFU,קורפו,CORFU,יוון,GREECE,3,,,CANCELED,מבוטלת
IZ,1844,ARKIA  ISRAELI  AIRLINES,2025-06-21T19:30:00,2025-06-21T19:30:00,A,ETM,RAMON,אילת - רמון,RAMON,ישראל,ISRAEL,1,,,CANCELED,מבוטלת
IZ,169,ARKIA  ISRAELI  AIRLINES,2025-06-21T19:45:00,2025-06-21T19:45:00,D,LCA,LARNACA,לרנקה,LARNACA,קפריסין,CYPRUS,3,,,CANCELED,מבוטלת
IZ,416,ARKIA  ISRAELI  AIRLINES,2025-06-21T20:05:00,2025-06-21T20:05:00,A,BUS,BATUMI,בטומי,BATUMI,גיאורגיה,GEORGIA,3,,,CANCELED,מבוטלת
IZ,1845,ARKIA  ISRAELI  AIRLINES,2025-06-21T20:30:00,2025-06-21T20:30:00,D,ETM,RAMON,אילת - רמון,RAMON,ישראל,ISRAEL,1,,,CANCELED,מבוטלת
BZ,701,BLUE BIRD AIRWAYS,2025-06-21T21:00:00,2025-06-21T21:00:00,A,ATH,ATHENS,אתונה,ATHENS,יוון,GREECE,3,,,CANCELED,מבוטלת
BZ,131,BLUE BIRD AIRWAYS,2025-06-21T21:20:00,2025-06-21T21:20:00,A,FCO,ROME - FIUMICINO,רומא,ROME,איטליה,ITALY,3,,,CANCELED,מבוטלת
BZ,461,BLUE BIRD AIRWAYS,2025-06-21T21:45:00,2025-06-21T21:45:00,A,PRG,PRAGUE-RUZYNE,פראג,PRAGUE,צ'כיה,CZECH REPUBLIC,3,,,CANCELED,מבוטלת
IZ,1806,ARKIA  ISRAELI  AIRLINES,2025-06-21T21:50:00,2025-06-21T21:50:00,A,ETM,RAMON,אילת - רמון,RAMON,ישראל,ISRAEL,1,,,CANCELED,מבוטלת
IZ,070,ARKIA  ISRAELI  AIRLINES,2025-06-21T22:05:00,2025-06-21T22:05:00,A,RHO,RHODES-PARADISI,רודוס,RHODES,יוון,GREECE,3,,,CANCELED,מבוטלת
BZ,251,BLUE BIRD AIRWAYS,2025-06-21T22:15:00,2025-06-21T22:15:00,A,BCN,BARCELONA,ברצלונה,BARCELONA,ספרד,SPAIN,3,,,CANCELED,מבוטלת
BZ,271,BLUE BIRD AIRWAYS,2025-06-21T22:20:00,2025-06-21T22:20:00,A,BER,BERLIN BRANDENBURG INTL,ברלין,BERLIN,גרמניה,GERMANY,3,,,CANCELED,מבוטלת
IZ,170,ARKIA  ISRAELI  AIRLINES,2025-06-21T22:45:00,2025-06-21T22:45:00,A,LCA,LARNACA,לרנקה,LARNACA,קפריסין,CYPRUS,3,,,CANCELED,מבוטלת
IZ,1846,ARKIA  ISRAELI  AIRLINES,2025-06-21T23:00:00,2025-06-21T23:00:00,A,ETM,RAMON,אילת - רמון,RAMON,ישראל,ISRAEL,1,,,CANCELED,מבוטלת
BZ,751,BLUE BIRD AIRWAYS,2025-06-21T23:10:00,2025-06-21T23:10:00,A,HER,HERAKLION,הרקליון,HERAKLION,יוון,GREECE,3,,,CANCELED,מבוטלת
IZ,1212,ARKIA  ISRAELI  AIRLINES,2025-06-21T23:50:00,2025-06-21T23:50:00,A,ATH,ATHENS,אתונה,ATHENS,יוון,GREECE,3,,,CANCELED,מבוטלת
IZ,991,ARKIA  ISRAELI  AIRLINES,2025-06-21T23:55:00,2025-06-21T23:55:00,D,JFK,NEW YORK - J.F.KENNEDY,ניו יורק,NEW YORK,ארצות הברית,UNITED STATES,3,,,CANCELED,מבוטלת
IZ,052,ARKIA  ISRAELI  AIRLINES,2025-06-22T00:50:00,2025-06-22T00:50:00,A,CFU,CORFU,קורפו,CORFU,יוון,GREECE,3,,,CANCELED,מבוטלת
IZ,276,ARKIA  ISRAELI  AIRLINES,2025-06-22T02:00:00,2025-06-22T02:00:00,A,BCN,BARCELONA,ברצלונה,BARCELONA,ספרד,SPAIN,3,,,CANCELED,מבוטלת
LIL,9103,FLY LILI,2025-06-22T06:00:00,2025-06-22T06:00:00,D,PRG,PRAGUE-RUZYNE,פראג,PRAGUE,צ'כיה,CZECH REPUBLIC,3,,,CANCELED,מבוטלת
BZ,692,BLUE BIRD AIRWAYS,2025-06-22T07:10:00,2025-06-22T07:10:00,D,RHO,RHODES-PARADISI,רודוס,RHODES,יוון,GREECE,3,,,CANCELED,מבוטלת
BZ,704,BLUE BIRD AIRWAYS,2025-06-22T07:50:00,2025-06-22T07:50:00,D,ATH,ATHENS,אתונה,ATHENS,יוון,GREECE,3,,,CANCELED,מבוטלת
BZ,802,BLUE BIRD AIRWAYS,2025-06-22T08:00:00,2025-06-22T08:00:00,D,KGS,KOS,קוס,KOS,יוון,GREECE,3,,,CANCELED,מבוטלת
BZ,752,BLUE BIRD AIRWAYS,2025-06-22T08:10:00,2025-06-22T08:10:00,D,HER,HERAKLION,הרקליון,HERAKLION,יוון,GREECE,3,,,CANCELED,מבוטלת
BZ,756,BLUE BIRD AIRWAYS,2025-06-22T08:30:00,2025-06-22T08:30:00,D,HER,HERAKLION,הרקליון,HERAKLION,יוון,GREECE,3,,,CANCELED,מבוטלת
BZ,562,BLUE BIRD AIRWAYS,2025-06-22T08:40:00,2025-06-22T08:40:00,D,BOJ,BURGAS,בורגס,BOURGAS,בולגריה,BULGARIA,3,,,CANCELED,מבוטלת
BZ,888,BLUE BIRD AIRWAYS,2025-06-22T08:55:00,2025-06-22T08:55:00,D,JMK,MIKONOS,מיקונוס,MYKONOS,יוון,GREECE,3,,,CANCELED,מבוטלת
3F,873,FLYONE ARMENIA LLC,2025-06-22T09:05:00,2025-06-22T09:05:00,A,EVN,YEREVAN,ירבאן,YEREVAN,ארמניה,ARMENIA,3,,,CANCELED,מבוטלת